{
    "exp1": {
        "acc_geral": 0.6937767168156331,
        "acc_top_3": 0.9469272192305557,
        "mean_acc_per_class": 0.4381670358129666
    },
    "exp12": {
        "acc_geral": 0.6811722199919711,
        "acc_top_3": 0.8945804897631473,
        "mean_acc_per_class": 0.7546134906660268
    },
    "exp2": {
        "acc_geral": 0.5016932215622051,
        "acc_top_3": 0.7498473324820962,
        "mean_acc_per_class": 0.264740624127915
    },
    "exp4": {
        "acc_geral": 0.5176816743463054,
        "acc_top_3": 0.777216454782657,
        "mean_acc_per_class": 0.27767996764904956
    },
    "exp10": {
        "acc_geral": 0.48358089120835007,
        "acc_top_3": 0.8207145724608591,
        "mean_acc_per_class": 0.45443234414452566
    },
    "exp7": {
        "acc_geral": 0.44086712163789643,
        "acc_top_3": 0.8132476916900843,
        "mean_acc_per_class": 0.33609188635748877
    },
    "exp8": {
        "acc_geral": 0.5008430349257327,
        "acc_top_3": 0.8469690887193898,
        "mean_acc_per_class": 0.35777848303047877
    },
    "exp3": {
        "acc_geral": 0.692721923055571,
        "acc_top_3": 0.949647476822295,
        "mean_acc_per_class": 0.48222011973599893
    },
    "exp9": {
        "acc_geral": 0.49474106784423927,
        "acc_top_3": 0.8670413488558811,
        "mean_acc_per_class": 0.3973002533831117
    },
    "exp11": {
        "acc_geral": 0.5221999197109595,
        "acc_top_3": 0.8240064231232437,
        "mean_acc_per_class": 0.565797236635962
    },
    "exp6": {
        "acc_geral": 0.7190250115794349,
        "acc_top_3": 0.9758568781843446,
        "mean_acc_per_class": 0.6375489289132903
    }
}